DMSCode,EmailId,FirstName,LastName,Mobile,Address1,Address2,LandMark,Pincode,State,City,RewardName,Opted
MAHD19035,noorietelecom@gmail.com1,Sufyan,Chali,9739122582,"45 abba bldg, 1st floor, room no 28, null bazar,",svp road,opp to shalimar cool point,400003,Maharashtra,Mumbai,Y,Y
MADD1062,dhenterprises@ymail.com1,Devender,Oberoi,9739908844,"Shop No 2, Mathura Appt, 31, Jagjivan Ramngar, Mig Thana, Indore",new mig police station,,452008,Madhya Pradesh,Indore,N,N
EUPD6386,vishaljain.jhansi@gmail.com1,Vishal,Jain,9916982582,"347A, Sadar Bazar Jhansi",opposite police sahayata kendra,deep radios,284001,Uttar Pradesh,Jhansi,Y,Y
KARD1246,advancesystems14@gmail.com1,Rakesh,Jain,9739122582,"5-8-2,4th cross,Nagappa street",Near KEC govt school palace guttahalli Malleshwaram,Govt. school,560003,Karnataka,Bangalore,N,N
