DMSCode,EmailId,First Name,Last Name,Mobile Number,Address1,Address2,LandMark,Pincode,State,City,Reward,Opted
MAHD6082,kaustubha.satpute@gmail.com,roji,mathew,9739982582,"76, Shashank, Zp Colony, Shahu Puri, Satara",Satara,,415001,Maharashtra,Satara,No,Galaxy S7 32GB + Galaxy A Series  2016 - A5
MAHD1089,shivshankarsms@gmail.com,Sagar,Sarda,9480549471,"Pahade Residecy, Garkheda Parisar, Aurangabad",shop no 17 cannought gardan cidco,near shiv hotel,431001,Maharashtra,Aurangabad,No,Automobile  Bajaj Avenger 150 Street With  Insurance and Roadtax
MAHD6082,kaustubha.satpute@gmail.com,Kaustubh,Satpute,9739765331,"76, Shashank, Zp Colony, Shahu Puri, Satara",Satara,,415001,Maharashtra,Satara,No,Galaxy S7 32GB + Galaxy A Series  2016 - A5
MAHD6082,kaustubha.satpute@gmail.com,nisha,nisha,9739122582,"76, Shashank, Zp Colony, Shahu Puri, Satara",Satara,,415001,Maharashtra,Satara,No,Galaxy S7 32GB + Galaxy A Series  2016 - A5
