DMSCode,EmailId,FirstName,LastName,Mobile,Address1,Address2,LandMark,Pincode,State,City,Reward Name,Opted
MAHD19035,MAHD19035,Sufyan,Chali,9892870051,"45 abba bldg, 1st floor, room no 28, null bazar,",svp road,opp to shalimar cool point,400003,Maharashtra,Mumbai,Y,Samsung Galaxy A Series 2016 - A7
PUND4146,PUND4146,vishal,Chadha,9814842798,"Near Bhagat Singh Chowk, Phagwara Gate, Jalandhar",Opp Old Police Division No3,,144001,Punjab,Jalandhar,Y,Samsung Galaxy S7 Edge 32GB
PUND4147,PUND4147,vishal,Chadha,9814842798,"Near Bhagat Singh Chowk, Phagwara Gate, Jalandhar",Opp Old Police Division No4,,144001,Punjab,Jalandhar,Y,Samsung Galaxy S7 Edge 32GB
PUND4148,PUND4148,vishal,Chadha,9814842798,"Near Bhagat Singh Chowk, Phagwara Gate, Jalandhar",Opp Old Police Division No5,,144001,Punjab,Jalandhar,Y,Samsung Galaxy S7 Edge 32GB
PUND4149,PUND4149,vishal,Chadha,9814842798,"Near Bhagat Singh Chowk, Phagwara Gate, Jalandhar",Opp Old Police Division No6,,144001,Punjab,Jalandhar,Y,Samsung Galaxy S7 Edge 32GB
PUND4150,PUND4150,vishal,Chadha,9814842798,"Near Bhagat Singh Chowk, Phagwara Gate, Jalandhar",Opp Old Police Division No7,,144001,Punjab,Jalandhar,Y,Samsung Galaxy S7 Edge 32GB
PUND4151,PUND4151,vishal,Chadha,9814842798,"Near Bhagat Singh Chowk, Phagwara Gate, Jalandhar",Opp Old Police Division No8,,144001,Punjab,Jalandhar,Y,Samsung Galaxy S7 Edge 32GB
PUND4152,PUND4152,vishal,Chadha,9814842798,"Near Bhagat Singh Chowk, Phagwara Gate, Jalandhar",Opp Old Police Division No9,,144001,Punjab,Jalandhar,Y,Samsung Galaxy S7 Edge 32GB
PUND4153,PUND4153,vishal,Chadha,9814842798,"Near Bhagat Singh Chowk, Phagwara Gate, Jalandhar",Opp Old Police Division No10,,144001,Punjab,Jalandhar,Y,Samsung Galaxy S7 Edge 32GB
PUND4154,PUND4154,vishal,Chadha,9814842798,"Near Bhagat Singh Chowk, Phagwara Gate, Jalandhar",Opp Old Police Division No11,,144001,Punjab,Jalandhar,Y,Samsung Galaxy S7 Edge 32GB
PUND4155,PUND4155,vishal,Chadha,9814842798,"Near Bhagat Singh Chowk, Phagwara Gate, Jalandhar",Opp Old Police Division No12,,144001,Punjab,Jalandhar,Y,Samsung Galaxy S7 Edge 32GB
PUND4156,PUND4156,vishal,Chadha,9814842798,"Near Bhagat Singh Chowk, Phagwara Gate, Jalandhar",Opp Old Police Division No13,,144001,Punjab,Jalandhar,Y,Samsung Galaxy S7 Edge 32GB
PUND4157,PUND4157,vishal,Chadha,9814842798,"Near Bhagat Singh Chowk, Phagwara Gate, Jalandhar",Opp Old Police Division No14,,144001,Punjab,Jalandhar,Y,Samsung Galaxy S7 Edge 32GB
PUND4158,PUND4158,vishal,Chadha,9814842798,"Near Bhagat Singh Chowk, Phagwara Gate, Jalandhar",Opp Old Police Division No15,,144001,Punjab,Jalandhar,Y,Samsung Galaxy S7 Edge 32GB
PUND4159,PUND4159,vishal,Chadha,9814842798,"Near Bhagat Singh Chowk, Phagwara Gate, Jalandhar",Opp Old Police Division No16,,144001,Punjab,Jalandhar,Y,Samsung Galaxy S7 Edge 32GB
PUND4160,PUND4160,vishal,Chadha,9814842798,"Near Bhagat Singh Chowk, Phagwara Gate, Jalandhar",Opp Old Police Division No17,,144001,Punjab,Jalandhar,Y,Samsung Galaxy S7 Edge 32GB
PUND4161,PUND4161,vishal,Chadha,9814842798,"Near Bhagat Singh Chowk, Phagwara Gate, Jalandhar",Opp Old Police Division No18,,144001,Punjab,Jalandhar,Y,Samsung Galaxy S7 Edge 32GB
PUND4162,PUND4162,vishal,Chadha,9814842798,"Near Bhagat Singh Chowk, Phagwara Gate, Jalandhar",Opp Old Police Division No19,,144001,Punjab,Jalandhar,Y,Samsung Galaxy S7 Edge 32GB
PUND4163,PUND4163,vishal,Chadha,9814842798,"Near Bhagat Singh Chowk, Phagwara Gate, Jalandhar",Opp Old Police Division No20,,144001,Punjab,Jalandhar,Y,Samsung Galaxy S7 Edge 32GB
PUND4164,PUND4164,vishal,Chadha,9814842798,"Near Bhagat Singh Chowk, Phagwara Gate, Jalandhar",Opp Old Police Division No21,,144001,Punjab,Jalandhar,Y,Samsung Galaxy S7 Edge 32GB
PUND4165,PUND4165,vishal,Chadha,9814842798,"Near Bhagat Singh Chowk, Phagwara Gate, Jalandhar",Opp Old Police Division No22,,144001,Punjab,Jalandhar,Y,Samsung Galaxy S7 Edge 32GB
PUND4166,PUND4166,vishal,Chadha,9814842798,"Near Bhagat Singh Chowk, Phagwara Gate, Jalandhar",Opp Old Police Division No23,,144001,Punjab,Jalandhar,Y,Samsung Galaxy S7 Edge 32GB
PUND4167,PUND4167,vishal,Chadha,9814842798,"Near Bhagat Singh Chowk, Phagwara Gate, Jalandhar",Opp Old Police Division No24,,144001,Punjab,Jalandhar,Y,Samsung Galaxy S7 Edge 32GB
PUND4168,PUND4168,vishal,Chadha,9814842798,"Near Bhagat Singh Chowk, Phagwara Gate, Jalandhar",Opp Old Police Division No25,,144001,Punjab,Jalandhar,Y,Samsung Galaxy S7 Edge 32GB
PUND4169,PUND4169,vishal,Chadha,9814842798,"Near Bhagat Singh Chowk, Phagwara Gate, Jalandhar",Opp Old Police Division No26,,144001,Punjab,Jalandhar,Y,Samsung Galaxy S7 Edge 32GB
PUND4170,PUND4170,vishal,Chadha,9814842798,"Near Bhagat Singh Chowk, Phagwara Gate, Jalandhar",Opp Old Police Division No27,,144001,Punjab,Jalandhar,Y,Samsung Galaxy S7 Edge 32GB
PUND4171,PUND4171,vishal,Chadha,9814842798,"Near Bhagat Singh Chowk, Phagwara Gate, Jalandhar",Opp Old Police Division No28,,144001,Punjab,Jalandhar,Y,Samsung Galaxy S7 Edge 32GB
PUND4172,PUND4172,vishal,Chadha,9814842798,"Near Bhagat Singh Chowk, Phagwara Gate, Jalandhar",Opp Old Police Division No29,,144001,Punjab,Jalandhar,Y,Samsung Galaxy S7 Edge 32GB
PUND4173,PUND4173,vishal,Chadha,9814842798,"Near Bhagat Singh Chowk, Phagwara Gate, Jalandhar",Opp Old Police Division No30,,144001,Punjab,Jalandhar,Y,Samsung Galaxy S7 Edge 32GB
PUND4174,PUND4174,vishal,Chadha,9814842798,"Near Bhagat Singh Chowk, Phagwara Gate, Jalandhar",Opp Old Police Division No31,,144001,Punjab,Jalandhar,Y,Samsung Galaxy S7 Edge 32GB
PUND4175,PUND4175,vishal,Chadha,9814842798,"Near Bhagat Singh Chowk, Phagwara Gate, Jalandhar",Opp Old Police Division No32,,144001,Punjab,Jalandhar,Y,Samsung Galaxy S7 Edge 32GB
PUND4176,PUND4176,vishal,Chadha,9814842798,"Near Bhagat Singh Chowk, Phagwara Gate, Jalandhar",Opp Old Police Division No33,,144001,Punjab,Jalandhar,Y,Samsung Galaxy S7 Edge 32GB
PUND4177,PUND4177,vishal,Chadha,9814842798,"Near Bhagat Singh Chowk, Phagwara Gate, Jalandhar",Opp Old Police Division No34,,144001,Punjab,Jalandhar,Y,Samsung Galaxy S7 Edge 32GB
PUND4178,PUND4178,vishal,Chadha,9814842798,"Near Bhagat Singh Chowk, Phagwara Gate, Jalandhar",Opp Old Police Division No35,,144001,Punjab,Jalandhar,Y,Samsung Galaxy S7 Edge 32GB
PUND4179,PUND4179,vishal,Chadha,9814842798,"Near Bhagat Singh Chowk, Phagwara Gate, Jalandhar",Opp Old Police Division No36,,144001,Punjab,Jalandhar,Y,Samsung Galaxy S7 Edge 32GB
PUND4180,PUND4180,vishal,Chadha,9814842798,"Near Bhagat Singh Chowk, Phagwara Gate, Jalandhar",Opp Old Police Division No37,,144001,Punjab,Jalandhar,Y,Samsung Galaxy S7 Edge 32GB
PUND4181,PUND4181,vishal,Chadha,9814842798,"Near Bhagat Singh Chowk, Phagwara Gate, Jalandhar",Opp Old Police Division No38,,144001,Punjab,Jalandhar,Y,Samsung Galaxy S7 Edge 32GB
PUND4182,PUND4182,vishal,Chadha,9814842798,"Near Bhagat Singh Chowk, Phagwara Gate, Jalandhar",Opp Old Police Division No39,,144001,Punjab,Jalandhar,Y,Samsung Galaxy S7 Edge 32GB
PUND4183,PUND4183,vishal,Chadha,9814842798,"Near Bhagat Singh Chowk, Phagwara Gate, Jalandhar",Opp Old Police Division No40,,144001,Punjab,Jalandhar,Y,Samsung Galaxy S7 Edge 32GB
PUND4184,PUND4184,vishal,Chadha,9814842798,"Near Bhagat Singh Chowk, Phagwara Gate, Jalandhar",Opp Old Police Division No41,,144001,Punjab,Jalandhar,Y,Samsung Galaxy S7 Edge 32GB
PUND4185,PUND4185,vishal,Chadha,9814842798,"Near Bhagat Singh Chowk, Phagwara Gate, Jalandhar",Opp Old Police Division No42,,144001,Punjab,Jalandhar,Y,Samsung Galaxy S7 Edge 32GB
PUND4186,PUND4186,vishal,Chadha,9814842798,"Near Bhagat Singh Chowk, Phagwara Gate, Jalandhar",Opp Old Police Division No43,,144001,Punjab,Jalandhar,Y,Samsung Galaxy S7 Edge 32GB
PUND4187,PUND4187,vishal,Chadha,9814842798,"Near Bhagat Singh Chowk, Phagwara Gate, Jalandhar",Opp Old Police Division No44,,144001,Punjab,Jalandhar,Y,Samsung Galaxy S7 Edge 32GB
PUND4188,PUND4188,vishal,Chadha,9814842798,"Near Bhagat Singh Chowk, Phagwara Gate, Jalandhar",Opp Old Police Division No45,,144001,Punjab,Jalandhar,Y,Samsung Galaxy S7 Edge 32GB
PUND4189,PUND4189,vishal,Chadha,9814842798,"Near Bhagat Singh Chowk, Phagwara Gate, Jalandhar",Opp Old Police Division No46,,144001,Punjab,Jalandhar,Y,Samsung Galaxy S7 Edge 32GB
PUND4190,PUND4190,vishal,Chadha,9814842798,"Near Bhagat Singh Chowk, Phagwara Gate, Jalandhar",Opp Old Police Division No47,,144001,Punjab,Jalandhar,Y,Samsung Galaxy S7 Edge 32GB
PUND4191,PUND4191,vishal,Chadha,9814842798,"Near Bhagat Singh Chowk, Phagwara Gate, Jalandhar",Opp Old Police Division No48,,144001,Punjab,Jalandhar,Y,Samsung Galaxy S7 Edge 32GB
PUND4192,PUND4192,vishal,Chadha,9814842798,"Near Bhagat Singh Chowk, Phagwara Gate, Jalandhar",Opp Old Police Division No49,,144001,Punjab,Jalandhar,Y,Samsung Galaxy S7 Edge 32GB
PUND4193,PUND4193,vishal,Chadha,9814842798,"Near Bhagat Singh Chowk, Phagwara Gate, Jalandhar",Opp Old Police Division No50,,144001,Punjab,Jalandhar,Y,Samsung Galaxy S7 Edge 32GB
PUND4194,PUND4194,vishal,Chadha,9814842798,"Near Bhagat Singh Chowk, Phagwara Gate, Jalandhar",Opp Old Police Division No51,,144001,Punjab,Jalandhar,Y,Samsung Galaxy S7 Edge 32GB
PUND4195,PUND4195,vishal,Chadha,9814842798,"Near Bhagat Singh Chowk, Phagwara Gate, Jalandhar",Opp Old Police Division No52,,144001,Punjab,Jalandhar,Y,Samsung Galaxy S7 Edge 32GB
PUND4196,PUND4196,vishal,Chadha,9814842798,"Near Bhagat Singh Chowk, Phagwara Gate, Jalandhar",Opp Old Police Division No53,,144001,Punjab,Jalandhar,Y,Samsung Galaxy S7 Edge 32GB
PUND4197,PUND4197,vishal,Chadha,9814842798,"Near Bhagat Singh Chowk, Phagwara Gate, Jalandhar",Opp Old Police Division No54,,144001,Punjab,Jalandhar,Y,Samsung Galaxy S7 Edge 32GB
PUND4198,PUND4198,vishal,Chadha,9814842798,"Near Bhagat Singh Chowk, Phagwara Gate, Jalandhar",Opp Old Police Division No55,,144001,Punjab,Jalandhar,Y,Samsung Galaxy S7 Edge 32GB
PUND4199,PUND4199,vishal,Chadha,9814842798,"Near Bhagat Singh Chowk, Phagwara Gate, Jalandhar",Opp Old Police Division No56,,144001,Punjab,Jalandhar,Y,Samsung Galaxy S7 Edge 32GB
PUND4200,PUND4200,vishal,Chadha,9814842798,"Near Bhagat Singh Chowk, Phagwara Gate, Jalandhar",Opp Old Police Division No57,,144001,Punjab,Jalandhar,Y,Samsung Galaxy S7 Edge 32GB
PUND4201,PUND4201,vishal,Chadha,9814842798,"Near Bhagat Singh Chowk, Phagwara Gate, Jalandhar",Opp Old Police Division No58,,144001,Punjab,Jalandhar,Y,Samsung Galaxy S7 Edge 32GB
PUND4202,PUND4202,vishal,Chadha,9814842798,"Near Bhagat Singh Chowk, Phagwara Gate, Jalandhar",Opp Old Police Division No59,,144001,Punjab,Jalandhar,Y,Samsung Galaxy S7 Edge 32GB
PUND4203,PUND4203,vishal,Chadha,9814842798,"Near Bhagat Singh Chowk, Phagwara Gate, Jalandhar",Opp Old Police Division No60,,144001,Punjab,Jalandhar,Y,Samsung Galaxy S7 Edge 32GB
PUND4204,PUND4204,vishal,Chadha,9814842798,"Near Bhagat Singh Chowk, Phagwara Gate, Jalandhar",Opp Old Police Division No61,,144001,Punjab,Jalandhar,Y,Samsung Galaxy S7 Edge 32GB
PUND4205,PUND4205,vishal,Chadha,9814842798,"Near Bhagat Singh Chowk, Phagwara Gate, Jalandhar",Opp Old Police Division No62,,144001,Punjab,Jalandhar,Y,Samsung Galaxy S7 Edge 32GB
PUND4206,PUND4206,vishal,Chadha,9814842798,"Near Bhagat Singh Chowk, Phagwara Gate, Jalandhar",Opp Old Police Division No63,,144001,Punjab,Jalandhar,Y,Samsung Galaxy S7 Edge 32GB
PUND4207,PUND4207,vishal,Chadha,9814842798,"Near Bhagat Singh Chowk, Phagwara Gate, Jalandhar",Opp Old Police Division No64,,144001,Punjab,Jalandhar,Y,Samsung Galaxy S7 Edge 32GB
PUND4208,PUND4208,vishal,Chadha,9814842798,"Near Bhagat Singh Chowk, Phagwara Gate, Jalandhar",Opp Old Police Division No65,,144001,Punjab,Jalandhar,Y,Samsung Galaxy S7 Edge 32GB
PUND4209,PUND4209,vishal,Chadha,9814842798,"Near Bhagat Singh Chowk, Phagwara Gate, Jalandhar",Opp Old Police Division No66,,144001,Punjab,Jalandhar,Y,Samsung Galaxy S7 Edge 32GB
PUND4210,PUND4210,vishal,Chadha,9814842798,"Near Bhagat Singh Chowk, Phagwara Gate, Jalandhar",Opp Old Police Division No67,,144001,Punjab,Jalandhar,Y,Samsung Galaxy S7 Edge 32GB
PUND4211,PUND4211,vishal,Chadha,9814842798,"Near Bhagat Singh Chowk, Phagwara Gate, Jalandhar",Opp Old Police Division No68,,144001,Punjab,Jalandhar,Y,Samsung Galaxy S7 Edge 32GB
PUND4212,PUND4212,vishal,Chadha,9814842798,"Near Bhagat Singh Chowk, Phagwara Gate, Jalandhar",Opp Old Police Division No69,,144001,Punjab,Jalandhar,Y,Samsung Galaxy S7 Edge 32GB
PUND4213,PUND4213,vishal,Chadha,9814842798,"Near Bhagat Singh Chowk, Phagwara Gate, Jalandhar",Opp Old Police Division No70,,144001,Punjab,Jalandhar,Y,Samsung Galaxy S7 Edge 32GB
PUND4214,PUND4214,vishal,Chadha,9814842798,"Near Bhagat Singh Chowk, Phagwara Gate, Jalandhar",Opp Old Police Division No71,,144001,Punjab,Jalandhar,Y,Samsung Galaxy S7 Edge 32GB
PUND4215,PUND4215,vishal,Chadha,9814842798,"Near Bhagat Singh Chowk, Phagwara Gate, Jalandhar",Opp Old Police Division No72,,144001,Punjab,Jalandhar,Y,Samsung Galaxy S7 Edge 32GB
PUND4216,PUND4216,vishal,Chadha,9814842798,"Near Bhagat Singh Chowk, Phagwara Gate, Jalandhar",Opp Old Police Division No73,,144001,Punjab,Jalandhar,Y,Samsung Galaxy S7 Edge 32GB
PUND4217,PUND4217,vishal,Chadha,9814842798,"Near Bhagat Singh Chowk, Phagwara Gate, Jalandhar",Opp Old Police Division No74,,144001,Punjab,Jalandhar,Y,Samsung Galaxy S7 Edge 32GB
PUND4218,PUND4218,vishal,Chadha,9814842798,"Near Bhagat Singh Chowk, Phagwara Gate, Jalandhar",Opp Old Police Division No75,,144001,Punjab,Jalandhar,Y,Samsung Galaxy S7 Edge 32GB
PUND4219,PUND4219,vishal,Chadha,9814842798,"Near Bhagat Singh Chowk, Phagwara Gate, Jalandhar",Opp Old Police Division No76,,144001,Punjab,Jalandhar,Y,Samsung Galaxy S7 Edge 32GB
PUND4220,PUND4220,vishal,Chadha,9814842798,"Near Bhagat Singh Chowk, Phagwara Gate, Jalandhar",Opp Old Police Division No77,,144001,Punjab,Jalandhar,Y,Samsung Galaxy S7 Edge 32GB
PUND4221,PUND4221,vishal,Chadha,9814842798,"Near Bhagat Singh Chowk, Phagwara Gate, Jalandhar",Opp Old Police Division No78,,144001,Punjab,Jalandhar,Y,Samsung Galaxy S7 Edge 32GB
PUND4222,PUND4222,vishal,Chadha,9814842798,"Near Bhagat Singh Chowk, Phagwara Gate, Jalandhar",Opp Old Police Division No79,,144001,Punjab,Jalandhar,Y,Samsung Galaxy S7 Edge 32GB
PUND4223,PUND4223,vishal,Chadha,9814842798,"Near Bhagat Singh Chowk, Phagwara Gate, Jalandhar",Opp Old Police Division No80,,144001,Punjab,Jalandhar,Y,Samsung Galaxy S7 Edge 32GB
PUND4224,PUND4224,vishal,Chadha,9814842798,"Near Bhagat Singh Chowk, Phagwara Gate, Jalandhar",Opp Old Police Division No81,,144001,Punjab,Jalandhar,Y,Samsung Galaxy S7 Edge 32GB
PUND4225,PUND4225,vishal,Chadha,9814842798,"Near Bhagat Singh Chowk, Phagwara Gate, Jalandhar",Opp Old Police Division No82,,144001,Punjab,Jalandhar,Y,Samsung Galaxy S7 Edge 32GB
PUND4226,PUND4226,vishal,Chadha,9814842798,"Near Bhagat Singh Chowk, Phagwara Gate, Jalandhar",Opp Old Police Division No83,,144001,Punjab,Jalandhar,Y,Samsung Galaxy S7 Edge 32GB
PUND4227,PUND4227,vishal,Chadha,9814842798,"Near Bhagat Singh Chowk, Phagwara Gate, Jalandhar",Opp Old Police Division No84,,144001,Punjab,Jalandhar,Y,Samsung Galaxy S7 Edge 32GB
PUND4228,PUND4228,vishal,Chadha,9814842798,"Near Bhagat Singh Chowk, Phagwara Gate, Jalandhar",Opp Old Police Division No85,,144001,Punjab,Jalandhar,Y,Samsung Galaxy S7 Edge 32GB
PUND4229,PUND4229,vishal,Chadha,9814842798,"Near Bhagat Singh Chowk, Phagwara Gate, Jalandhar",Opp Old Police Division No86,,144001,Punjab,Jalandhar,Y,Samsung Galaxy S7 Edge 32GB
PUND4230,PUND4230,vishal,Chadha,9814842798,"Near Bhagat Singh Chowk, Phagwara Gate, Jalandhar",Opp Old Police Division No87,,144001,Punjab,Jalandhar,Y,Samsung Galaxy S7 Edge 32GB
PUND4231,PUND4231,vishal,Chadha,9814842798,"Near Bhagat Singh Chowk, Phagwara Gate, Jalandhar",Opp Old Police Division No88,,144001,Punjab,Jalandhar,Y,Samsung Galaxy S7 Edge 32GB
PUND4232,PUND4232,vishal,Chadha,9814842798,"Near Bhagat Singh Chowk, Phagwara Gate, Jalandhar",Opp Old Police Division No89,,144001,Punjab,Jalandhar,Y,Samsung Galaxy S7 Edge 32GB
PUND4233,PUND4233,vishal,Chadha,9814842798,"Near Bhagat Singh Chowk, Phagwara Gate, Jalandhar",Opp Old Police Division No90,,144001,Punjab,Jalandhar,Y,Samsung Galaxy S7 Edge 32GB
PUND4234,PUND4234,vishal,Chadha,9814842798,"Near Bhagat Singh Chowk, Phagwara Gate, Jalandhar",Opp Old Police Division No91,,144001,Punjab,Jalandhar,Y,Samsung Galaxy S7 Edge 32GB
PUND4235,PUND4235,vishal,Chadha,9814842798,"Near Bhagat Singh Chowk, Phagwara Gate, Jalandhar",Opp Old Police Division No92,,144001,Punjab,Jalandhar,Y,Samsung Galaxy S7 Edge 32GB
PUND4236,PUND4236,vishal,Chadha,9814842798,"Near Bhagat Singh Chowk, Phagwara Gate, Jalandhar",Opp Old Police Division No93,,144001,Punjab,Jalandhar,Y,Samsung Galaxy S7 Edge 32GB
PUND4237,PUND4237,vishal,Chadha,9814842798,"Near Bhagat Singh Chowk, Phagwara Gate, Jalandhar",Opp Old Police Division No94,,144001,Punjab,Jalandhar,Y,Samsung Galaxy S7 Edge 32GB
PUND4238,PUND4238,vishal,Chadha,9814842798,"Near Bhagat Singh Chowk, Phagwara Gate, Jalandhar",Opp Old Police Division No95,,144001,Punjab,Jalandhar,Y,Samsung Galaxy S7 Edge 32GB
PUND4239,PUND4239,vishal,Chadha,9814842798,"Near Bhagat Singh Chowk, Phagwara Gate, Jalandhar",Opp Old Police Division No96,,144001,Punjab,Jalandhar,Y,Samsung Galaxy S7 Edge 32GB
PUND4240,PUND4240,vishal,Chadha,9814842798,"Near Bhagat Singh Chowk, Phagwara Gate, Jalandhar",Opp Old Police Division No97,,144001,Punjab,Jalandhar,Y,Samsung Galaxy S7 Edge 32GB
PUND4241,PUND4241,vishal,Chadha,9814842798,"Near Bhagat Singh Chowk, Phagwara Gate, Jalandhar",Opp Old Police Division No98,,144001,Punjab,Jalandhar,Y,Samsung Galaxy S7 Edge 32GB
PUND4242,PUND4242,vishal,Chadha,9814842798,"Near Bhagat Singh Chowk, Phagwara Gate, Jalandhar",Opp Old Police Division No99,,144001,Punjab,Jalandhar,Y,Samsung Galaxy S7 Edge 32GB
PUND4243,PUND4243,vishal,Chadha,9814842798,"Near Bhagat Singh Chowk, Phagwara Gate, Jalandhar",Opp Old Police Division No100,,144001,Punjab,Jalandhar,Y,Samsung Galaxy S7 Edge 32GB
PUND4244,PUND4244,vishal,Chadha,9814842798,"Near Bhagat Singh Chowk, Phagwara Gate, Jalandhar",Opp Old Police Division No101,,144001,Punjab,Jalandhar,Y,Samsung Galaxy S7 Edge 32GB
PUND4245,PUND4245,vishal,Chadha,9814842798,"Near Bhagat Singh Chowk, Phagwara Gate, Jalandhar",Opp Old Police Division No102,,144001,Punjab,Jalandhar,Y,Samsung Galaxy S7 Edge 32GB
PUND4246,PUND4246,vishal,Chadha,9814842798,"Near Bhagat Singh Chowk, Phagwara Gate, Jalandhar",Opp Old Police Division No103,,144001,Punjab,Jalandhar,Y,Samsung Galaxy S7 Edge 32GB
PUND4247,PUND4247,vishal,Chadha,9814842798,"Near Bhagat Singh Chowk, Phagwara Gate, Jalandhar",Opp Old Police Division No104,,144001,Punjab,Jalandhar,Y,Samsung Galaxy S7 Edge 32GB
PUND4248,PUND4248,vishal,Chadha,9814842798,"Near Bhagat Singh Chowk, Phagwara Gate, Jalandhar",Opp Old Police Division No105,,144001,Punjab,Jalandhar,Y,Samsung Galaxy S7 Edge 32GB
PUND4249,PUND4249,vishal,Chadha,9814842798,"Near Bhagat Singh Chowk, Phagwara Gate, Jalandhar",Opp Old Police Division No106,,144001,Punjab,Jalandhar,Y,Samsung Galaxy S7 Edge 32GB
PUND4250,PUND4250,vishal,Chadha,9814842798,"Near Bhagat Singh Chowk, Phagwara Gate, Jalandhar",Opp Old Police Division No107,,144001,Punjab,Jalandhar,Y,Samsung Galaxy S7 Edge 32GB
PUND4251,PUND4251,vishal,Chadha,9814842798,"Near Bhagat Singh Chowk, Phagwara Gate, Jalandhar",Opp Old Police Division No108,,144001,Punjab,Jalandhar,Y,Samsung Galaxy S7 Edge 32GB
PUND4252,PUND4252,vishal,Chadha,9814842798,"Near Bhagat Singh Chowk, Phagwara Gate, Jalandhar",Opp Old Police Division No109,,144001,Punjab,Jalandhar,Y,Samsung Galaxy S7 Edge 32GB
PUND4253,PUND4253,vishal,Chadha,9814842798,"Near Bhagat Singh Chowk, Phagwara Gate, Jalandhar",Opp Old Police Division No110,,144001,Punjab,Jalandhar,Y,Samsung Galaxy S7 Edge 32GB
PUND4254,PUND4254,vishal,Chadha,9814842798,"Near Bhagat Singh Chowk, Phagwara Gate, Jalandhar",Opp Old Police Division No111,,144001,Punjab,Jalandhar,Y,Samsung Galaxy S7 Edge 32GB
PUND4255,PUND4255,vishal,Chadha,9814842798,"Near Bhagat Singh Chowk, Phagwara Gate, Jalandhar",Opp Old Police Division No112,,144001,Punjab,Jalandhar,Y,Samsung Galaxy S7 Edge 32GB
PUND4256,PUND4256,vishal,Chadha,9814842798,"Near Bhagat Singh Chowk, Phagwara Gate, Jalandhar",Opp Old Police Division No113,,144001,Punjab,Jalandhar,Y,Samsung Galaxy S7 Edge 32GB
PUND4257,PUND4257,vishal,Chadha,9814842798,"Near Bhagat Singh Chowk, Phagwara Gate, Jalandhar",Opp Old Police Division No114,,144001,Punjab,Jalandhar,Y,Samsung Galaxy S7 Edge 32GB
PUND4258,PUND4258,vishal,Chadha,9814842798,"Near Bhagat Singh Chowk, Phagwara Gate, Jalandhar",Opp Old Police Division No115,,144001,Punjab,Jalandhar,Y,Samsung Galaxy S7 Edge 32GB
PUND4259,PUND4259,vishal,Chadha,9814842798,"Near Bhagat Singh Chowk, Phagwara Gate, Jalandhar",Opp Old Police Division No116,,144001,Punjab,Jalandhar,Y,Samsung Galaxy S7 Edge 32GB
PUND4260,PUND4260,vishal,Chadha,9814842798,"Near Bhagat Singh Chowk, Phagwara Gate, Jalandhar",Opp Old Police Division No117,,144001,Punjab,Jalandhar,Y,Samsung Galaxy S7 Edge 32GB
PUND4261,PUND4261,vishal,Chadha,9814842798,"Near Bhagat Singh Chowk, Phagwara Gate, Jalandhar",Opp Old Police Division No118,,144001,Punjab,Jalandhar,Y,Samsung Galaxy S7 Edge 32GB
PUND4262,PUND4262,vishal,Chadha,9814842798,"Near Bhagat Singh Chowk, Phagwara Gate, Jalandhar",Opp Old Police Division No119,,144001,Punjab,Jalandhar,Y,Samsung Galaxy S7 Edge 32GB
PUND4263,PUND4263,vishal,Chadha,9814842798,"Near Bhagat Singh Chowk, Phagwara Gate, Jalandhar",Opp Old Police Division No120,,144001,Punjab,Jalandhar,Y,Samsung Galaxy S7 Edge 32GB
PUND4264,PUND4264,vishal,Chadha,9814842798,"Near Bhagat Singh Chowk, Phagwara Gate, Jalandhar",Opp Old Police Division No121,,144001,Punjab,Jalandhar,Y,Samsung Galaxy S7 Edge 32GB
PUND4265,PUND4265,vishal,Chadha,9814842798,"Near Bhagat Singh Chowk, Phagwara Gate, Jalandhar",Opp Old Police Division No122,,144001,Punjab,Jalandhar,Y,Samsung Galaxy S7 Edge 32GB
PUND4266,PUND4266,vishal,Chadha,9814842798,"Near Bhagat Singh Chowk, Phagwara Gate, Jalandhar",Opp Old Police Division No123,,144001,Punjab,Jalandhar,Y,Samsung Galaxy S7 Edge 32GB
PUND4267,PUND4267,vishal,Chadha,9814842798,"Near Bhagat Singh Chowk, Phagwara Gate, Jalandhar",Opp Old Police Division No124,,144001,Punjab,Jalandhar,Y,Samsung Galaxy S7 Edge 32GB
PUND4268,PUND4268,vishal,Chadha,9814842798,"Near Bhagat Singh Chowk, Phagwara Gate, Jalandhar",Opp Old Police Division No125,,144001,Punjab,Jalandhar,Y,Samsung Galaxy S7 Edge 32GB
PUND4269,PUND4269,vishal,Chadha,9814842798,"Near Bhagat Singh Chowk, Phagwara Gate, Jalandhar",Opp Old Police Division No126,,144001,Punjab,Jalandhar,Y,Samsung Galaxy S7 Edge 32GB
PUND4270,PUND4270,vishal,Chadha,9814842798,"Near Bhagat Singh Chowk, Phagwara Gate, Jalandhar",Opp Old Police Division No127,,144001,Punjab,Jalandhar,Y,Samsung Galaxy S7 Edge 32GB
PUND4271,PUND4271,vishal,Chadha,9814842798,"Near Bhagat Singh Chowk, Phagwara Gate, Jalandhar",Opp Old Police Division No128,,144001,Punjab,Jalandhar,Y,Samsung Galaxy S7 Edge 32GB
PUND4272,PUND4272,vishal,Chadha,9814842798,"Near Bhagat Singh Chowk, Phagwara Gate, Jalandhar",Opp Old Police Division No129,,144001,Punjab,Jalandhar,Y,Samsung Galaxy S7 Edge 32GB
PUND4273,PUND4273,vishal,Chadha,9814842798,"Near Bhagat Singh Chowk, Phagwara Gate, Jalandhar",Opp Old Police Division No130,,144001,Punjab,Jalandhar,Y,Samsung Galaxy S7 Edge 32GB
PUND4274,PUND4274,vishal,Chadha,9814842798,"Near Bhagat Singh Chowk, Phagwara Gate, Jalandhar",Opp Old Police Division No131,,144001,Punjab,Jalandhar,Y,Samsung Galaxy S7 Edge 32GB
PUND4275,PUND4275,vishal,Chadha,9814842798,"Near Bhagat Singh Chowk, Phagwara Gate, Jalandhar",Opp Old Police Division No132,,144001,Punjab,Jalandhar,Y,Samsung Galaxy S7 Edge 32GB
PUND4276,PUND4276,vishal,Chadha,9814842798,"Near Bhagat Singh Chowk, Phagwara Gate, Jalandhar",Opp Old Police Division No133,,144001,Punjab,Jalandhar,Y,Samsung Galaxy S7 Edge 32GB
PUND4277,PUND4277,vishal,Chadha,9814842798,"Near Bhagat Singh Chowk, Phagwara Gate, Jalandhar",Opp Old Police Division No134,,144001,Punjab,Jalandhar,Y,Samsung Galaxy S7 Edge 32GB
PUND4278,PUND4278,vishal,Chadha,9814842798,"Near Bhagat Singh Chowk, Phagwara Gate, Jalandhar",Opp Old Police Division No135,,144001,Punjab,Jalandhar,Y,Samsung Galaxy S7 Edge 32GB
PUND4279,PUND4279,vishal,Chadha,9814842798,"Near Bhagat Singh Chowk, Phagwara Gate, Jalandhar",Opp Old Police Division No136,,144001,Punjab,Jalandhar,Y,Samsung Galaxy S7 Edge 32GB
PUND4280,PUND4280,vishal,Chadha,9814842798,"Near Bhagat Singh Chowk, Phagwara Gate, Jalandhar",Opp Old Police Division No137,,144001,Punjab,Jalandhar,Y,Samsung Galaxy S7 Edge 32GB
PUND4281,PUND4281,vishal,Chadha,9814842798,"Near Bhagat Singh Chowk, Phagwara Gate, Jalandhar",Opp Old Police Division No138,,144001,Punjab,Jalandhar,Y,Samsung Galaxy S7 Edge 32GB
PUND4282,PUND4282,vishal,Chadha,9814842798,"Near Bhagat Singh Chowk, Phagwara Gate, Jalandhar",Opp Old Police Division No139,,144001,Punjab,Jalandhar,Y,Samsung Galaxy S7 Edge 32GB
PUND4283,PUND4283,vishal,Chadha,9814842798,"Near Bhagat Singh Chowk, Phagwara Gate, Jalandhar",Opp Old Police Division No140,,144001,Punjab,Jalandhar,Y,Samsung Galaxy S7 Edge 32GB
PUND4284,PUND4284,vishal,Chadha,9814842798,"Near Bhagat Singh Chowk, Phagwara Gate, Jalandhar",Opp Old Police Division No141,,144001,Punjab,Jalandhar,Y,Samsung Galaxy S7 Edge 32GB
PUND4285,PUND4285,vishal,Chadha,9814842798,"Near Bhagat Singh Chowk, Phagwara Gate, Jalandhar",Opp Old Police Division No142,,144001,Punjab,Jalandhar,Y,Samsung Galaxy S7 Edge 32GB
PUND4286,PUND4286,vishal,Chadha,9814842798,"Near Bhagat Singh Chowk, Phagwara Gate, Jalandhar",Opp Old Police Division No143,,144001,Punjab,Jalandhar,Y,Samsung Galaxy S7 Edge 32GB
PUND4287,PUND4287,vishal,Chadha,9814842798,"Near Bhagat Singh Chowk, Phagwara Gate, Jalandhar",Opp Old Police Division No144,,144001,Punjab,Jalandhar,Y,Samsung Galaxy S7 Edge 32GB
PUND4288,PUND4288,vishal,Chadha,9814842798,"Near Bhagat Singh Chowk, Phagwara Gate, Jalandhar",Opp Old Police Division No145,,144001,Punjab,Jalandhar,Y,Samsung Galaxy S7 Edge 32GB
PUND4289,PUND4289,vishal,Chadha,9814842798,"Near Bhagat Singh Chowk, Phagwara Gate, Jalandhar",Opp Old Police Division No146,,144001,Punjab,Jalandhar,Y,Samsung Galaxy S7 Edge 32GB
PUND4290,PUND4290,vishal,Chadha,9814842798,"Near Bhagat Singh Chowk, Phagwara Gate, Jalandhar",Opp Old Police Division No147,,144001,Punjab,Jalandhar,Y,Samsung Galaxy S7 Edge 32GB
