DMSCode,EmailId,FirstName,LastName,Mobile,Address1,Address2,LandMark,Pincode,State,City,RewardName,Opted
MAHD6082,roji.mathew@clubconcierge.in,roji,mathew,9739982582,"76, Shashank, Zp Colony, Shahu Puri, Satara",Satara,,415001,Maharashtra,Satara,Y,Galaxy S7 32GB + Galaxy A Series  2016 - A5
MAHD1089,sysadmin@clubconcierge.in,Sagar,Sarda,9480549471,"Pahade Residecy, Garkheda Parisar, Aurangabad",shop no 17 cannought gardan cidco,near shiv hotel,431001,Maharashtra,Aurangabad,Y,Automobile  Bajaj Avenger 150 Street With  Insurance and Roadtax
MAHD6082,sysadmin@clubconcierge.in,Kaustubh,Satpute,9739765331,"76, Shashank, Zp Colony, Shahu Puri, Satara",Satara,,415001,Maharashtra,Satara,y,Galaxy S7 32GB + Galaxy A Series  2016 - A5
MAHD6082,sysadmin@clubconcierge.in,nisha,nisha,9739122582,"76, Shashank, Zp Colony, Shahu Puri, Satara",Satara,,415001,Maharashtra,Satara,y,Galaxy S7 32GB + Galaxy A Series  2016 - A5
