DMSCode,First Name,Last Name,EmailId,Mobile Number,Address1,Address2,LandMark,Pincode,State,City,Security Key,Reward,Opted
MAHD6082,Kaustubh,Satpute,kaustubha.satpute@gmail.com,9739982582,"76, Shashank, Zp Colony, Shahu Puri, Satara",Satara,,415001,Maharashtra,Satara,,No,Galaxy S7 32GB + Galaxy A Series  2016 - A5
MAHD1089,Sagar,Sarda,shivshankarsms@gmail.com,9480549471,"Pahade Residecy, Garkheda Parisar, Aurangabad",shop no 17 cannought gardan cidco,near shiv hotel,431001,Maharashtra,Aurangabad,,No,Automobile  Bajaj Avenger 150 Street With  Insurance and Roadtax
MAHD6082,Kaustubh,Satpute,kaustubha.satpute@gmail.com,9739765331,"76, Shashank, Zp Colony, Shahu Puri, Satara",Satara,,415001,Maharashtra,Satara,,No,Galaxy S7 32GB + Galaxy A Series  2016 - A5
MAHD6082,Kaustubh,Satpute,kaustubha.satpute@gmail.com,9739122582,"76, Shashank, Zp Colony, Shahu Puri, Satara",Satara,,415001,Maharashtra,Satara,,No,Galaxy S7 32GB + Galaxy A Series  2016 - A5
