S.No.,DMSCode,Name,EmailId,Mobile Number,Address1,Address2,LandMark,Pincode,State,City,Security Key,Reward,Opted
1,MAHD19036,Rinkesh,rinkesh@roarsinc.com,9099553356,kormangala 4th block,sonyworld signal,sony center,380005,Karnataka,Bangalore,yuiLra,Yes,Dell
2,adsad,Nikunj,nikunj@aseuminfotech.com,9727731132,Ghatlodia,Ahmedabad,Opp Sai Baba temple,380061,GUJARAT,AHMEDABAD,bsahdg,Yes,Blue Star
3,adsad,Paresh1,sadsadsa@sdsa.dsad,9427005604,dasdsa,asdsad,21 street,1234563,Gujara,asdsad,qweiOp,Yes,Hitachi
4,MAHD19035,Nisha,nisha@clubconcierge.in,9739122582,83 7th Cross 4th B Block,Koramangala,BDA Complex,560034,Maharashtra,Bangalore,W5AH1Y9IO1,No,Samsung
